OrderDate,Category,Product,Region,AgeGroup,PaymentMethod,Quantity,UnitPrice,Revenue,Rating,Returned
2024-01-01 00:00:00.000000,Mỹ phẩm,Kem dưỡng da,TP.HCM,,COD,1,428000.0,428000.0,4.6,Không
2024-01-01 17:33:18.396793,Thể thao,Thảm yoga,TP.HCM,18-24,COD,5,378000.0,1890000.0,4.0,Không
2024-01-01 17:33:18.396793,Thời trang,Áo thun,Hà Nội,35-44,Ví điện tử,2,603000.0,1206000.0,3.3,Không
2024-01-04 15:46:31.983967,Thời trang,Kính mát,Hà Nội,35-44,Ví điện tử,2,106000.0,212000.0,3.4,Không
2024-01-07 13:59:45.571142,Điện tử,Sạc dự phòng,TP.HCM,25-34,Ví điện tử,4,1100000.0,4400000.0,3.6,Không
2024-01-09 01:06:22.364729,Mỹ phẩm,Serum,Đà Nẵng,25-34,Thẻ ngân hàng,1,313000.0,313000.0,3.6,Không
2024-01-09 01:06:22.364729,Mỹ phẩm,Toner,Đà Nẵng,25-34,Ví điện tử,3,346000.0,1038000.0,5.0,Không
2024-01-09 01:06:22.364729,Điện tử,Sạc dự phòng,Hà Nội,35-44,Ví điện tử,1,729000.0,729000.0,4.6,Không
2024-01-09 18:39:40.761523,Thời trang,Túi xách,TP.HCM,25-34,Ví điện tử,3,553000.0,1659000.0,3.5,Không
2024-01-10 12:12:59.158316,Điện tử,Tai nghe,Đà Nẵng,18-24,Ví điện tử,26,1149000.0,29874000.0,3.0,Không
2024-01-10 12:12:59.158316,Mỹ phẩm,Kem dưỡng da,TP.HCM,,Ví điện tử,1,263000.0,263000.0,3.2,Không
2024-01-11 05:46:17.555110,Thể thao,Thảm yoga,Đà Nẵng,55+,Ví điện tử,1,43000.0,43000.0,4.3,Không
2024-01-12 16:52:54.348697,Sách,Sách kỹ năng,Cần Thơ,35-44,Ví điện tử,3,50000.0,150000.0,4.3,Không
2024-01-12 16:52:54.348697,Điện tử,Loa bluetooth,TP.HCM,,COD,1,677000.0,677000.0,3.0,Có
2024-01-13 10:26:12.745490,Mỹ phẩm,Serum,Cần Thơ,45-54,Chuyển khoản,1,377000.0,377000.0,4.8,Không
2024-01-14 03:59:31.142284,Thời trang,Quần jean,Bình Dương,45-54,Chuyển khoản,4,497000.0,1988000.0,,Không
2024-01-14 21:32:49.539078,Điện tử,Tai nghe,TP.HCM,25-34,Thẻ ngân hàng,1,288000.0,288000.0,3.0,Không
2024-01-14 21:32:49.539078,Điện tử,Cáp USB,Hà Nội,25-34,Thẻ ngân hàng,1,305000.0,305000.0,4.9,Không
2024-01-14 21:32:49.539078,Thời trang,Giày sneaker,Cần Thơ,18-24,Ví điện tử,1,422000.0,422000.0,4.6,Không
2024-01-15 15:06:07.935871,Mỹ phẩm,Kem dưỡng da,TP.HCM,18-24,Thẻ ngân hàng,1,109000.0,109000.0,,Có
2024-01-16 08:39:26.332665,Mỹ phẩm,Toner,Đồng Nai,35-44,Ví điện tử,2,80000.0,160000.0,4.8,Không
2024-01-16 08:39:26.332665,Điện tử,Loa bluetooth,Đà Nẵng,25-34,COD,2,519000.0,1038000.0,4.4,Không
2024-01-16 08:39:26.332665,Mỹ phẩm,Kem dưỡng da,Hà Nội,25-34,Ví điện tử,5,119000.0,595000.0,3.7,Không
2024-01-17 02:12:44.729458,Mỹ phẩm,Kem dưỡng da,Hà Nội,18-24,Ví điện tử,2,392000.0,784000.0,3.5,Không
2024-01-17 02:12:44.729458,Điện tử,Tai nghe,Bình Dương,18-24,Chuyển khoản,4,374000.0,1496000.0,3.8,Không
2024-01-17 19:46:03.126252,Mỹ phẩm,Toner,TP.HCM,25-34,COD,2,128000.0,256000.0,4.5,Không
2024-01-17 19:46:03.126252,Điện tử,Tai nghe,TP.HCM,18-24,COD,1,918000.0,918000.0,2.2,Không
2024-01-18 13:19:21.523046,Thời trang,Giày sneaker,Hà Nội,25-34,Chuyển khoản,1,251000.0,251000.0,2.8,Không
2024-01-18 13:19:21.523046,Điện tử,Đồng hồ thông minh,Hà Nội,25-34,Thẻ ngân hàng,2,503000.0,1006000.0,3.1,Không
2024-01-19 06:52:39.919839,Thời trang,Giày sneaker,Đà Nẵng,,COD,1,394000.0,394000.0,4.9,Không
2024-01-22 05:05:53.507014,Thời trang,Túi xách,Hà Nội,25-34,Ví điện tử,3,133000.0,399000.0,3.4,Không
2024-01-23 16:12:30.300601,Thời trang,Túi xách,Cần Thơ,25-34,Thẻ ngân hàng,2,423000.0,846000.0,4.0,Không
2024-01-23 16:12:30.300601,Thời trang,Kính mát,Hà Nội,25-34,Ví điện tử,1,603000.0,603000.0,4.1,Không
2024-01-23 16:12:30.300601,Mỹ phẩm,Toner,Đà Nẵng,35-44,Ví điện tử,3,123000.0,369000.0,3.9,Không
2024-01-23 16:12:30.300601,Điện tử,Sạc dự phòng,TP.HCM,45-54,Thẻ ngân hàng,5,1141000.0,5705000.0,5.0,Không
2024-01-25 03:19:07.094188,Điện tử,Đồng hồ thông minh,Hà Nội,18-24,Ví điện tử,1,344000.0,344000.0,3.6,Không
2024-01-25 03:19:07.094188,Mỹ phẩm,Serum,Hà Nội,35-44,COD,1,285000.0,285000.0,3.9,Không
2024-01-25 20:52:25.490981,Thời trang,Giày sneaker,TP.HCM,18-24,Ví điện tử,1,446000.0,446000.0,4.0,Không
2024-01-25 20:52:25.490981,Mỹ phẩm,Mascara,TP.HCM,18-24,COD,5,403000.0,2015000.0,4.3,Không
2024-01-26 14:25:43.887775,Điện tử,Sạc dự phòng,Đà Nẵng,45-54,Thẻ ngân hàng,5,548000.0,2740000.0,3.0,Không
2024-01-28 19:05:39.078156,Sách,Sách kỹ năng,TP.HCM,25-34,Ví điện tử,2,176000.0,352000.0,5.0,Không
2024-01-28 19:05:39.078156,Điện tử,Đồng hồ thông minh,Hà Nội,25-34,COD,1,690000.0,690000.0,3.2,Không
2024-01-28 19:05:39.078156,Thời trang,Kính mát,Hà Nội,25-34,Ví điện tử,4,641000.0,2564000.0,3.3,Không
2024-01-29 12:38:57.474949,Thể thao,Bóng đá,TP.HCM,35-44,Ví điện tử,1,320000.0,320000.0,3.6,Không
2024-01-29 12:38:57.474949,Thời trang,Quần jean,TP.HCM,25-34,Chuyển khoản,1,343000.0,343000.0,4.4,Có
2024-01-29 12:38:57.474949,Điện tử,Cáp USB,Đà Nẵng,18-24,Ví điện tử,2,872000.0,1744000.0,4.1,Không
2024-01-29 12:38:57.474949,Thể thao,Găng tay tập,Hà Nội,25-34,COD,1,60000.0,60000.0,5.0,Không
2024-01-30 23:45:34.268537,Mỹ phẩm,Kem dưỡng da,Hà Nội,55+,COD,1,345000.0,345000.0,5.0,Không
2024-01-31 17:18:52.665330,Mỹ phẩm,Mascara,TP.HCM,45-54,COD,2,,,4.0,Không
2024-02-02 21:58:47.855711,Thời trang,Kính mát,Cần Thơ,18-24,COD,5,521000.0,2605000.0,4.8,Không
2024-02-02 21:58:47.855711,Mỹ phẩm,Son môi,TP.HCM,35-44,Ví điện tử,2,112000.0,224000.0,3.4,Không
2024-02-04 09:05:24.649298,Điện tử,Tai nghe,TP.HCM,45-54,COD,3,244000.0,732000.0,3.5,Không
2024-02-04 09:05:24.649298,Điện tử,Sạc dự phòng,Hà Nội,25-34,Ví điện tử,2,731000.0,1462000.0,3.6,Có
2024-02-08 00:51:56.633266,Thể thao,Thảm yoga,Hà Nội,18-24,COD,5,200000.0,1000000.0,2.5,Không
2024-02-08 00:51:56.633266,Mỹ phẩm,Mascara,Hà Nội,18-24,Ví điện tử,4,295000.0,1180000.0,3.4,Có
2024-02-08 00:51:56.633266,Thời trang,Quần jean,TP.HCM,55+,Ví điện tử,2,545000.0,1090000.0,4.3,Có
2024-02-09 11:58:33.426853,Mỹ phẩm,Kem dưỡng da,TP.HCM,25-34,Ví điện tử,3,363000.0,1089000.0,4.8,Không
2024-02-10 05:31:51.823647,Điện tử,Đồng hồ thông minh,TP.HCM,45-54,Thẻ ngân hàng,2,759000.0,1518000.0,3.6,Không
2024-02-10 23:05:10.220440,Thể thao,Găng tay tập,Cần Thơ,18-24,Thẻ ngân hàng,1,94000.0,94000.0,3.0,Không
2024-02-12 10:11:47.014028,Mỹ phẩm,Son môi,TP.HCM,35-44,COD,5,131000.0,655000.0,2.9,Không
2024-02-13 03:45:05.410821,Sách,Tiểu thuyết,TP.HCM,45-54,Ví điện tử,1,81000.0,81000.0,5.0,Không
2024-02-13 03:45:05.410821,Thời trang,Áo thun,TP.HCM,25-34,Ví điện tử,1,374000.0,374000.0,4.6,Không
2024-02-13 21:18:23.807615,Thời trang,Kính mát,TP.HCM,35-44,COD,37,363000.0,13431000.0,4.5,Có
2024-02-15 08:25:00.601202,Thời trang,Quần jean,Hà Nội,35-44,Ví điện tử,2,178000.0,356000.0,3.2,Không
2024-02-17 13:04:55.791583,Thời trang,Túi xách,TP.HCM,25-34,COD,5,511000.0,2555000.0,4.5,Không
2024-02-18 06:38:14.188376,Điện tử,Cáp USB,TP.HCM,55+,Ví điện tử,5,1111000.0,5555000.0,4.5,Không
2024-02-18 06:38:14.188376,Điện tử,Loa bluetooth,TP.HCM,45-54,COD,5,,,2.2,Không
2024-02-19 00:11:32.585170,Mỹ phẩm,Son môi,TP.HCM,25-34,COD,2,290000.0,580000.0,5.0,Không
2024-02-19 00:11:32.585170,Mỹ phẩm,Son môi,Bình Dương,25-34,Ví điện tử,2,369000.0,738000.0,4.8,Không
2024-02-19 00:11:32.585170,Điện tử,Cáp USB,Hà Nội,35-44,COD,2,1034000.0,2068000.0,3.9,Có
2024-02-19 17:44:50.981963,Điện tử,Đồng hồ thông minh,TP.HCM,45-54,Ví điện tử,5,394000.0,1970000.0,3.9,Không
2024-02-19 17:44:50.981963,Mỹ phẩm,Toner,Đà Nẵng,25-34,COD,3,164000.0,492000.0,3.3,Không
2024-02-19 17:44:50.981963,Mỹ phẩm,Mascara,Bình Dương,25-34,COD,2,177000.0,354000.0,3.9,Có
2024-02-20 11:18:09.378757,Mỹ phẩm,Mascara,Cần Thơ,35-44,COD,2,212000.0,424000.0,3.5,Không
2024-02-21 04:51:27.775551,Thời trang,Giày sneaker,Hà Nội,35-44,Chuyển khoản,1,461000.0,461000.0,4.3,Không
2024-02-23 09:31:22.965931,Mỹ phẩm,Son môi,Hà Nội,35-44,Chuyển khoản,2,319000.0,638000.0,2.8,Không
2024-02-23 09:31:22.965931,Thời trang,Giày sneaker,TP.HCM,45-54,Ví điện tử,1,380000.0,380000.0,4.7,Không
2024-02-24 20:37:59.759519,Thể thao,Dây nhảy,Hà Nội,45-54,COD,33,,,3.9,Không
2024-02-25 14:11:18.156312,Sách,Sách kỹ năng,Hà Nội,18-24,Thẻ ngân hàng,2,123000.0,246000.0,5.0,Không
2024-02-26 07:44:36.553106,Điện tử,Tai nghe,TP.HCM,25-34,Ví điện tử,2,420000.0,840000.0,3.8,Không
2024-02-26 07:44:36.553106,Điện tử,Loa bluetooth,TP.HCM,18-24,Ví điện tử,5,868000.0,4340000.0,3.4,Không
2024-02-26 07:44:36.553106,Điện tử,Sạc dự phòng,Bình Dương,18-24,Thẻ ngân hàng,2,957000.0,1914000.0,3.2,Không
2024-02-27 01:17:54.949899,Thời trang,Áo thun,Đồng Nai,55+,COD,1,244000.0,244000.0,3.2,Có
2024-02-27 18:51:13.346693,Thời trang,Kính mát,Đà Nẵng,18-24,Thẻ ngân hàng,1,595000.0,595000.0,4.8,Không
2024-02-27 18:51:13.346693,Điện tử,Sạc dự phòng,Hà Nội,25-34,Ví điện tử,2,1131000.0,2262000.0,3.6,Không
2024-02-27 18:51:13.346693,Điện tử,Cáp USB,Hà Nội,18-24,COD,1,1147000.0,1147000.0,,Có
2024-02-29 23:31:08.537074,Thời trang,Quần jean,Hà Nội,25-34,Thẻ ngân hàng,1,515000.0,515000.0,2.9,Không
2024-03-01 17:04:26.933867,Thời trang,Kính mát,Đà Nẵng,45-54,COD,1,235000.0,235000.0,3.5,Không
2024-03-04 15:17:40.521042,Mỹ phẩm,Serum,Cần Thơ,25-34,Chuyển khoản,4,67000.0,268000.0,4.2,Không
2024-03-05 08:50:58.917835,Sách,Tiểu thuyết,Hà Nội,18-24,COD,1,59000.0,59000.0,5.0,Không
2024-03-06 02:24:17.314629,Điện tử,Loa bluetooth,Đà Nẵng,35-44,Ví điện tử,1,1046000.0,1046000.0,3.7,Không
2024-03-06 19:57:35.711422,Thể thao,Găng tay tập,TP.HCM,25-34,COD,5,64000.0,320000.0,4.7,Không
2024-03-08 07:04:12.505010,Điện tử,Loa bluetooth,TP.HCM,35-44,COD,1,1163000.0,1163000.0,3.6,Không
2024-03-09 18:10:49.298597,Mỹ phẩm,Serum,Đà Nẵng,,COD,1,,,4.3,Không
2024-03-10 11:44:07.695390,Điện tử,Loa bluetooth,TP.HCM,45-54,COD,1,903000.0,903000.0,4.1,Không
2024-03-10 11:44:07.695390,Sách,Tiểu thuyết,TP.HCM,,Ví điện tử,3,116000.0,348000.0,4.1,Không
2024-03-10 11:44:07.695390,Điện tử,Cáp USB,TP.HCM,55+,Ví điện tử,1,731000.0,731000.0,4.1,Không
2024-03-11 05:17:26.092184,Thể thao,Dây nhảy,Hà Nội,25-34,COD,1,215000.0,215000.0,3.6,Không
2024-03-11 22:50:44.488977,Thời trang,Áo thun,Bình Dương,35-44,Thẻ ngân hàng,1,,,4.3,Không
2024-03-11 22:50:44.488977,Điện tử,Loa bluetooth,TP.HCM,25-34,Ví điện tử,2,177000.0,354000.0,3.4,Không
2024-03-12 16:24:02.885771,Thể thao,Bình nước,TP.HCM,25-34,Ví điện tử,1,365000.0,365000.0,3.4,Không
2024-03-12 16:24:02.885771,Mỹ phẩm,Son môi,Đà Nẵng,45-54,Chuyển khoản,1,,,5.0,Không
2024-03-14 21:03:58.076152,Thời trang,Áo thun,Bình Dương,35-44,Chuyển khoản,1,125000.0,125000.0,3.6,Không
2024-03-17 01:43:53.266533,Thể thao,Bóng đá,TP.HCM,18-24,Ví điện tử,2,249000.0,498000.0,4.5,Có
2024-03-17 19:17:11.663326,Điện tử,Loa bluetooth,Đà Nẵng,55+,COD,2,722000.0,1444000.0,4.2,Không
2024-03-18 12:50:30.060120,Thời trang,Túi xách,Hà Nội,45-54,Chuyển khoản,3,294000.0,882000.0,3.9,Không
2024-03-19 23:57:06.853707,Thời trang,Giày sneaker,Bình Dương,25-34,Ví điện tử,1,619000.0,619000.0,3.7,Không
2024-03-19 23:57:06.853707,Điện tử,Cáp USB,Hà Nội,35-44,Ví điện tử,2,614000.0,1228000.0,2.9,Không
2024-03-20 17:30:25.250501,Mỹ phẩm,Son môi,Hà Nội,25-34,Ví điện tử,2,118000.0,236000.0,4.2,Không
2024-03-20 17:30:25.250501,Điện tử,Đồng hồ thông minh,Hà Nội,45-54,COD,2,826000.0,1652000.0,4.9,Không
2024-03-21 11:03:43.647294,Điện tử,Đồng hồ thông minh,Hà Nội,45-54,COD,2,831000.0,1662000.0,4.5,Có
2024-03-21 11:03:43.647294,Mỹ phẩm,Mascara,Đà Nẵng,18-24,Ví điện tử,3,107000.0,321000.0,3.5,Không
2024-03-22 22:10:20.440881,Điện tử,Đồng hồ thông minh,TP.HCM,18-24,Ví điện tử,3,173000.0,519000.0,2.5,Không
2024-03-24 09:16:57.234468,Điện tử,Đồng hồ thông minh,Cần Thơ,25-34,Thẻ ngân hàng,1,452000.0,452000.0,4.0,Có
2024-03-24 09:16:57.234468,Điện tử,Sạc dự phòng,Cần Thơ,25-34,Chuyển khoản,1,985000.0,985000.0,4.4,Không
2024-03-24 09:16:57.234468,Điện tử,Đồng hồ thông minh,Hà Nội,,Chuyển khoản,1,1144000.0,1144000.0,4.4,Không
2024-03-24 09:16:57.234468,Điện tử,Loa bluetooth,Hà Nội,25-34,Ví điện tử,1,1044000.0,1044000.0,2.5,Không
2024-03-25 20:23:34.028056,Mỹ phẩm,Son môi,TP.HCM,35-44,Ví điện tử,1,122000.0,122000.0,,Không
2024-03-26 13:56:52.424849,Sách,Sách học ngoại ngữ,Cần Thơ,,COD,1,152000.0,152000.0,4.8,Không
2024-03-28 01:03:29.218436,Điện tử,Cáp USB,TP.HCM,35-44,Ví điện tử,2,757000.0,1514000.0,3.4,Không
2024-03-28 18:36:47.615230,Thời trang,Kính mát,Đồng Nai,18-24,Chuyển khoản,4,232000.0,928000.0,3.3,Không
2024-03-28 18:36:47.615230,Thể thao,Dây nhảy,Hà Nội,25-34,Ví điện tử,2,361000.0,722000.0,4.0,Không
2024-03-29 12:10:06.012024,Điện tử,Tai nghe,Bình Dương,18-24,Thẻ ngân hàng,5,321000.0,1605000.0,4.0,Không
2024-03-29 12:10:06.012024,Thời trang,Quần jean,Hà Nội,35-44,COD,1,349000.0,349000.0,3.7,Không
2024-03-30 05:43:24.408817,Điện tử,Cáp USB,Hà Nội,55+,Thẻ ngân hàng,2,441000.0,882000.0,2.8,Không
2024-03-30 05:43:24.408817,Thể thao,Găng tay tập,Hà Nội,25-34,Thẻ ngân hàng,1,124000.0,124000.0,5.0,Không
2024-03-30 23:16:42.805611,Mỹ phẩm,Serum,TP.HCM,25-34,Thẻ ngân hàng,2,412000.0,824000.0,3.7,Không
2024-03-30 23:16:42.805611,Mỹ phẩm,Serum,TP.HCM,25-34,Chuyển khoản,4,396000.0,1584000.0,3.7,Không
2024-04-02 21:29:56.392785,Thể thao,Thảm yoga,TP.HCM,25-34,Thẻ ngân hàng,5,,,4.2,Không
2024-04-03 15:03:14.789579,Thời trang,Túi xách,Hà Nội,25-34,COD,2,165000.0,330000.0,3.7,Có
2024-04-03 15:03:14.789579,Điện tử,Sạc dự phòng,TP.HCM,25-34,Ví điện tử,2,464000.0,928000.0,4.5,Có
2024-04-03 15:03:14.789579,Mỹ phẩm,Toner,Hà Nội,25-34,Ví điện tử,1,90000.0,90000.0,3.9,Không
2024-04-04 08:36:33.186372,Thời trang,Quần jean,TP.HCM,35-44,Ví điện tử,18,541000.0,9738000.0,3.3,Không
2024-04-05 02:09:51.583166,Điện tử,Cáp USB,TP.HCM,25-34,Ví điện tử,3,249000.0,747000.0,3.1,Không
2024-04-05 02:09:51.583166,Mỹ phẩm,Son môi,TP.HCM,25-34,Chuyển khoản,2,422000.0,844000.0,3.5,Không
2024-04-05 02:09:51.583166,Sách,Sách thiếu nhi,Hà Nội,35-44,Ví điện tử,1,105000.0,105000.0,5.0,Không
2024-04-05 19:43:09.979959,Mỹ phẩm,Serum,Hà Nội,35-44,COD,1,,,2.1,Không
2024-04-07 06:49:46.773547,Điện tử,Sạc dự phòng,Bình Dương,25-34,Thẻ ngân hàng,3,228000.0,684000.0,3.1,Không
2024-04-07 06:49:46.773547,Mỹ phẩm,Kem dưỡng da,TP.HCM,25-34,Thẻ ngân hàng,27,399000.0,10773000.0,4.0,Không
2024-04-07 06:49:46.773547,Thời trang,Quần jean,Đà Nẵng,35-44,COD,1,337000.0,337000.0,4.2,Không
2024-04-08 17:56:23.567134,Điện tử,Tai nghe,Bình Dương,25-34,Thẻ ngân hàng,1,703000.0,703000.0,3.4,Không
2024-04-10 22:36:18.757515,Mỹ phẩm,Kem dưỡng da,Đồng Nai,35-44,Ví điện tử,1,217000.0,217000.0,4.3,Không
2024-04-11 16:09:37.154308,Mỹ phẩm,Toner,Hà Nội,18-24,COD,3,381000.0,1143000.0,4.1,Không
2024-04-11 16:09:37.154308,Sách,Sách học ngoại ngữ,TP.HCM,55+,Ví điện tử,1,154000.0,154000.0,,Không
2024-04-12 09:42:55.551102,Thời trang,Kính mát,Hà Nội,35-44,Ví điện tử,1,631000.0,631000.0,5.0,Không
2024-04-12 09:42:55.551102,Mỹ phẩm,Toner,Hà Nội,18-24,COD,3,96000.0,288000.0,3.7,Không
2024-04-12 09:42:55.551102,Thời trang,Túi xách,Hà Nội,25-34,COD,1,482000.0,482000.0,5.0,Không
2024-04-12 09:42:55.551102,Sách,Sách thiếu nhi,Hà Nội,35-44,Ví điện tử,2,123000.0,246000.0,3.9,Không
2024-04-14 14:22:50.741482,Thời trang,Túi xách,TP.HCM,25-34,Ví điện tử,4,113000.0,452000.0,4.6,Không
2024-04-16 01:29:27.535070,Điện tử,Cáp USB,Hà Nội,25-34,COD,3,282000.0,846000.0,3.5,Không
2024-04-16 01:29:27.535070,Thời trang,Giày sneaker,Hà Nội,18-24,Ví điện tử,1,438000.0,438000.0,4.2,Không
2024-04-16 19:02:45.931863,Sách,Tiểu thuyết,TP.HCM,35-44,Chuyển khoản,4,137000.0,548000.0,4.8,Không
2024-04-16 19:02:45.931863,Sách,Sách học ngoại ngữ,Đà Nẵng,18-24,COD,1,169000.0,169000.0,5.0,Không
2024-04-16 19:02:45.931863,Thời trang,Áo thun,Bình Dương,18-24,Thẻ ngân hàng,1,250000.0,250000.0,3.2,Không
2024-04-17 12:36:04.328657,Thời trang,Áo thun,TP.HCM,35-44,Ví điện tử,4,490000.0,1960000.0,3.6,Không
2024-04-18 23:42:41.122244,Điện tử,Tai nghe,Đà Nẵng,35-44,COD,1,847000.0,847000.0,5.0,Không
2024-04-18 23:42:41.122244,Điện tử,Sạc dự phòng,TP.HCM,35-44,Ví điện tử,1,,,3.7,Không
2024-04-18 23:42:41.122244,Sách,Sách học ngoại ngữ,Hà Nội,25-34,COD,1,123000.0,123000.0,4.4,Có
2024-04-18 23:42:41.122244,Thời trang,Túi xách,TP.HCM,25-34,Thẻ ngân hàng,4,300000.0,1200000.0,4.5,Không
2024-04-19 17:15:59.519038,Điện tử,Cáp USB,Đà Nẵng,45-54,Ví điện tử,4,397000.0,1588000.0,3.5,Không
2024-04-20 10:49:17.915831,Mỹ phẩm,Mascara,Hà Nội,55+,COD,1,410000.0,410000.0,4.3,Không
2024-04-20 10:49:17.915831,Thể thao,Thảm yoga,Đà Nẵng,35-44,COD,2,371000.0,742000.0,4.0,Không
2024-04-20 10:49:17.915831,Thời trang,Kính mát,Đồng Nai,25-34,Ví điện tử,5,499000.0,2495000.0,3.4,Có
2024-04-20 10:49:17.915831,Điện tử,Cáp USB,Hà Nội,25-34,Ví điện tử,5,1006000.0,5030000.0,4.1,Không
2024-04-21 21:55:54.709418,Điện tử,Loa bluetooth,Đồng Nai,35-44,Thẻ ngân hàng,2,821000.0,1642000.0,3.5,Không
2024-04-24 02:35:49.899799,Thời trang,Áo thun,TP.HCM,18-24,Thẻ ngân hàng,1,551000.0,551000.0,4.5,Không
2024-04-24 20:09:08.296593,Thể thao,Găng tay tập,Hà Nội,18-24,Ví điện tử,2,228000.0,456000.0,4.4,Không
2024-04-24 20:09:08.296593,Mỹ phẩm,Kem dưỡng da,Hà Nội,35-44,COD,1,89000.0,89000.0,3.2,Không
2024-04-25 13:42:26.693386,Điện tử,Loa bluetooth,TP.HCM,55+,Chuyển khoản,4,1002000.0,4008000.0,3.7,Có
2024-04-26 07:15:45.090180,Thể thao,Bóng đá,TP.HCM,18-24,Thẻ ngân hàng,5,273000.0,1365000.0,3.8,Không
2024-04-26 07:15:45.090180,Điện tử,Cáp USB,Hà Nội,18-24,Ví điện tử,2,927000.0,1854000.0,3.4,Không
2024-04-26 07:15:45.090180,Điện tử,Sạc dự phòng,TP.HCM,25-34,Thẻ ngân hàng,3,515000.0,1545000.0,4.5,Không
2024-04-27 00:49:03.486973,Mỹ phẩm,Son môi,TP.HCM,35-44,COD,3,212000.0,636000.0,,Không
2024-04-27 00:49:03.486973,Sách,Sách học ngoại ngữ,Hà Nội,18-24,Ví điện tử,1,103000.0,103000.0,4.9,Không
2024-04-27 00:49:03.486973,Sách,Sách kỹ năng,Cần Thơ,18-24,Ví điện tử,5,96000.0,480000.0,3.6,Không
2024-04-27 00:49:03.486973,Thời trang,Quần jean,TP.HCM,35-44,COD,2,481000.0,962000.0,4.4,Không
2024-04-27 18:22:21.883767,Thời trang,Quần jean,TP.HCM,25-34,Thẻ ngân hàng,1,461000.0,461000.0,3.5,Không
2024-04-29 23:02:17.074148,Điện tử,Tai nghe,Hà Nội,,COD,5,1157000.0,5785000.0,3.5,Không
2024-04-30 16:35:35.470941,Điện tử,Sạc dự phòng,Hà Nội,18-24,Chuyển khoản,2,503000.0,1006000.0,2.9,Không
2024-05-02 21:15:30.661322,Thể thao,Thảm yoga,Đà Nẵng,18-24,COD,1,215000.0,215000.0,4.6,Không
2024-05-03 14:48:49.058116,Điện tử,Loa bluetooth,Hà Nội,35-44,Chuyển khoản,4,383000.0,1532000.0,3.5,Không
2024-05-04 08:22:07.454909,Điện tử,Tai nghe,Cần Thơ,18-24,COD,3,1142000.0,3426000.0,3.7,Có
2024-05-08 17:41:57.835671,Sách,Manga,TP.HCM,25-34,Ví điện tử,2,149000.0,298000.0,5.0,Không
2024-05-08 17:41:57.835671,Sách,Sách thiếu nhi,Hà Nội,18-24,Chuyển khoản,2,,,5.0,Có
2024-05-10 04:48:34.629258,Mỹ phẩm,Toner,Đà Nẵng,25-34,COD,1,99000.0,99000.0,3.9,Không
2024-05-10 22:21:53.026052,Sách,Tiểu thuyết,TP.HCM,25-34,Ví điện tử,1,55000.0,55000.0,5.0,Không
2024-05-12 09:28:29.819639,Mỹ phẩm,Toner,TP.HCM,25-34,COD,1,97000.0,97000.0,3.7,Không
2024-05-13 03:01:48.216432,Sách,Sách học ngoại ngữ,TP.HCM,45-54,COD,5,79000.0,395000.0,2.6,Không
2024-05-13 20:35:06.613226,Thời trang,Túi xách,Bình Dương,25-34,COD,1,421000.0,421000.0,3.6,Không
2024-05-14 14:08:25.010020,Điện tử,Cáp USB,TP.HCM,25-34,Ví điện tử,1,1031000.0,1031000.0,4.0,Không
2024-05-14 14:08:25.010020,Thời trang,Áo thun,Hà Nội,25-34,COD,1,379000.0,379000.0,4.0,Không
2024-05-14 14:08:25.010020,Điện tử,Sạc dự phòng,Hà Nội,35-44,COD,2,,,4.0,Không
2024-05-15 07:41:43.406813,Thể thao,Bình nước,Đà Nẵng,18-24,Thẻ ngân hàng,4,178000.0,712000.0,4.3,Không
2024-05-16 18:48:20.200400,Sách,Tiểu thuyết,Hà Nội,25-34,COD,1,143000.0,143000.0,5.0,Không
2024-05-16 18:48:20.200400,Mỹ phẩm,Mascara,TP.HCM,18-24,COD,1,373000.0,373000.0,3.1,Không
2024-05-18 05:54:56.993987,Điện tử,Loa bluetooth,TP.HCM,35-44,Thẻ ngân hàng,1,,,4.5,Không
2024-05-20 10:34:52.184368,Mỹ phẩm,Kem dưỡng da,Đà Nẵng,18-24,Ví điện tử,2,186000.0,372000.0,,Không
2024-05-21 04:08:10.581162,Thời trang,Áo thun,Cần Thơ,18-24,Ví điện tử,1,439000.0,439000.0,2.2,Không
2024-05-21 04:08:10.581162,Thời trang,Kính mát,TP.HCM,18-24,COD,5,367000.0,1835000.0,4.7,Không
2024-05-23 08:48:05.771543,Thời trang,Quần jean,Cần Thơ,18-24,COD,4,163000.0,652000.0,5.0,Không
2024-05-24 02:21:24.168336,Điện tử,Tai nghe,Cần Thơ,18-24,Thẻ ngân hàng,1,406000.0,406000.0,3.6,Không
2024-05-24 19:54:42.565130,Mỹ phẩm,Son môi,TP.HCM,35-44,Ví điện tử,2,91000.0,182000.0,4.9,Không
2024-05-24 19:54:42.565130,Mỹ phẩm,Son môi,TP.HCM,18-24,Ví điện tử,4,348000.0,1392000.0,5.0,Không
2024-05-27 00:34:37.755511,Thời trang,Giày sneaker,Đà Nẵng,35-44,Thẻ ngân hàng,4,235000.0,940000.0,4.6,Không
2024-05-27 00:34:37.755511,Mỹ phẩm,Kem dưỡng da,Hà Nội,25-34,Thẻ ngân hàng,2,284000.0,568000.0,4.3,Không
2024-05-28 11:41:14.549098,Thời trang,Quần jean,Đà Nẵng,25-34,Chuyển khoản,3,412000.0,1236000.0,3.4,Không
2024-05-28 11:41:14.549098,Điện tử,Loa bluetooth,Bình Dương,25-34,Ví điện tử,3,1020000.0,3060000.0,,Không
2024-05-29 22:47:51.342685,Mỹ phẩm,Serum,Cần Thơ,18-24,Chuyển khoản,5,279000.0,1395000.0,3.5,Không
2024-05-31 09:54:28.136272,Điện tử,Sạc dự phòng,Hà Nội,18-24,Ví điện tử,1,924000.0,924000.0,4.4,Không
2024-06-02 14:34:23.326653,Mỹ phẩm,Toner,Bình Dương,18-24,Chuyển khoản,1,109000.0,109000.0,4.2,Không
2024-06-03 08:07:41.723446,Sách,Manga,Cần Thơ,25-34,Ví điện tử,5,145000.0,725000.0,,Không
2024-06-04 01:41:00.120240,Sách,Sách thiếu nhi,Đà Nẵng,35-44,COD,2,127000.0,254000.0,5.0,Không
2024-06-04 19:14:18.517034,Điện tử,Đồng hồ thông minh,TP.HCM,35-44,Thẻ ngân hàng,1,300000.0,300000.0,3.3,Không
2024-06-06 06:20:55.310621,Thời trang,Túi xách,Hà Nội,25-34,COD,3,575000.0,1725000.0,4.9,Có
2024-06-08 11:00:50.501002,Điện tử,Cáp USB,TP.HCM,35-44,COD,1,170000.0,170000.0,3.7,Không
2024-06-09 04:34:08.897795,Sách,Tiểu thuyết,TP.HCM,25-34,Thẻ ngân hàng,4,48000.0,192000.0,5.0,Không
2024-06-09 04:34:08.897795,Mỹ phẩm,Mascara,Đồng Nai,25-34,COD,4,236000.0,944000.0,3.9,Không
2024-06-09 04:34:08.897795,Thời trang,Kính mát,TP.HCM,35-44,Ví điện tử,3,212000.0,636000.0,3.4,Có
2024-06-10 15:40:45.691382,Thể thao,Găng tay tập,TP.HCM,55+,COD,1,253000.0,253000.0,4.4,Không
2024-06-10 15:40:45.691382,Thời trang,Kính mát,Cần Thơ,18-24,Ví điện tử,2,225000.0,450000.0,3.6,Không
2024-06-12 02:47:22.484969,Thời trang,Túi xách,Cần Thơ,18-24,Ví điện tử,1,185000.0,185000.0,3.2,Không
2024-06-12 20:20:40.881763,Thời trang,Kính mát,TP.HCM,18-24,Thẻ ngân hàng,5,603000.0,3015000.0,4.8,Có
2024-06-13 13:53:59.278557,Điện tử,Đồng hồ thông minh,TP.HCM,18-24,Ví điện tử,1,1032000.0,1032000.0,4.3,Có
2024-06-14 07:27:17.675350,Điện tử,Đồng hồ thông minh,Hà Nội,25-34,Thẻ ngân hàng,2,525000.0,1050000.0,4.8,Không
2024-06-15 01:00:36.072144,Sách,Sách học ngoại ngữ,Hà Nội,25-34,Chuyển khoản,4,79000.0,316000.0,3.6,Không
2024-06-15 01:00:36.072144,Thời trang,Giày sneaker,Hà Nội,45-54,Ví điện tử,4,365000.0,1460000.0,3.6,Không
2024-06-15 18:33:54.468937,Điện tử,Đồng hồ thông minh,TP.HCM,18-24,Ví điện tử,3,413000.0,1239000.0,3.8,Không
2024-06-15 18:33:54.468937,Điện tử,Cáp USB,Hà Nội,35-44,Chuyển khoản,2,201000.0,402000.0,4.4,Không
2024-06-15 18:33:54.468937,Điện tử,Loa bluetooth,Hà Nội,18-24,Ví điện tử,5,932000.0,4660000.0,,Không
2024-06-16 12:07:12.865731,Điện tử,Tai nghe,Hà Nội,18-24,COD,2,710000.0,1420000.0,4.7,Không
2024-06-16 12:07:12.865731,Thời trang,Túi xách,Hà Nội,18-24,Ví điện tử,1,477000.0,477000.0,5.0,Không
2024-06-17 23:13:49.659318,Điện tử,Đồng hồ thông minh,Bình Dương,25-34,Ví điện tử,4,194000.0,776000.0,4.8,Không
2024-06-18 16:47:08.056112,Thời trang,Kính mát,Đà Nẵng,35-44,Chuyển khoản,1,101000.0,101000.0,4.7,Không
2024-06-18 16:47:08.056112,Thời trang,Áo thun,Hà Nội,45-54,Thẻ ngân hàng,2,89000.0,178000.0,3.3,Không
2024-06-18 16:47:08.056112,Thời trang,Túi xách,Hà Nội,25-34,Thẻ ngân hàng,3,345000.0,1035000.0,3.9,Không
2024-06-20 03:53:44.849699,Thời trang,Kính mát,TP.HCM,25-34,COD,4,363000.0,1452000.0,3.5,Không
2024-06-21 15:00:21.643286,Thời trang,Túi xách,TP.HCM,25-34,Ví điện tử,1,567000.0,567000.0,3.9,Không
2024-06-21 15:00:21.643286,Thời trang,Giày sneaker,TP.HCM,18-24,Ví điện tử,2,200000.0,400000.0,3.6,Không
2024-06-21 15:00:21.643286,Thời trang,Kính mát,Cần Thơ,25-34,Ví điện tử,2,522000.0,1044000.0,5.0,Không
2024-06-22 08:33:40.040080,Điện tử,Tai nghe,TP.HCM,45-54,COD,1,1156000.0,1156000.0,3.1,Không
2024-06-23 02:06:58.436873,Mỹ phẩm,Serum,Đồng Nai,35-44,Ví điện tử,1,82000.0,82000.0,4.0,Không
2024-06-23 02:06:58.436873,Thời trang,Áo thun,Đà Nẵng,35-44,COD,1,366000.0,366000.0,3.6,Không
2024-06-23 02:06:58.436873,Sách,Tiểu thuyết,TP.HCM,25-34,COD,1,132000.0,132000.0,3.9,Không
2024-06-23 02:06:58.436873,Thể thao,Bóng đá,Đồng Nai,18-24,Ví điện tử,1,279000.0,279000.0,2.9,Không
2024-06-23 19:40:16.833667,Thể thao,Bình nước,Hà Nội,25-34,Ví điện tử,2,134000.0,268000.0,3.9,Không
2024-06-24 13:13:35.230460,Sách,Sách kỹ năng,Hà Nội,25-34,Thẻ ngân hàng,2,52000.0,104000.0,4.1,Không
2024-06-24 13:13:35.230460,Điện tử,Đồng hồ thông minh,TP.HCM,25-34,Ví điện tử,4,941000.0,3764000.0,3.8,Không
2024-06-25 06:46:53.627254,Điện tử,Sạc dự phòng,Hà Nội,25-34,Thẻ ngân hàng,2,850000.0,1700000.0,4.8,Không
2024-06-26 00:20:12.024048,Điện tử,Đồng hồ thông minh,Hà Nội,35-44,Thẻ ngân hàng,2,931000.0,1862000.0,3.6,Không
2024-06-26 17:53:30.420841,Sách,Tiểu thuyết,TP.HCM,25-34,Ví điện tử,5,75000.0,375000.0,5.0,Có
2024-06-26 17:53:30.420841,Điện tử,Đồng hồ thông minh,TP.HCM,25-34,Thẻ ngân hàng,2,469000.0,938000.0,3.0,Không
2024-06-27 11:26:48.817635,Điện tử,Đồng hồ thông minh,Bình Dương,25-34,Chuyển khoản,5,327000.0,1635000.0,3.3,Không
2024-06-28 22:33:25.611222,Mỹ phẩm,Mascara,Cần Thơ,35-44,COD,1,265000.0,265000.0,4.5,Không
2024-06-30 09:40:02.404809,Điện tử,Đồng hồ thông minh,TP.HCM,25-34,COD,20,226000.0,4520000.0,3.0,Không
2024-06-30 09:40:02.404809,Thời trang,Giày sneaker,Hà Nội,25-34,COD,1,459000.0,459000.0,3.8,Không
2024-06-30 09:40:02.404809,Điện tử,Tai nghe,Hà Nội,18-24,COD,2,369000.0,738000.0,4.2,Không
2024-07-01 03:13:20.801603,Điện tử,Loa bluetooth,Bình Dương,55+,Ví điện tử,1,1176000.0,1176000.0,3.7,Không
2024-07-01 20:46:39.198396,Sách,Sách học ngoại ngữ,Hà Nội,25-34,Ví điện tử,4,85000.0,340000.0,5.0,Không
2024-07-01 20:46:39.198396,Mỹ phẩm,Toner,TP.HCM,35-44,Ví điện tử,3,373000.0,1119000.0,3.9,Không
2024-07-02 14:19:57.595190,Điện tử,Loa bluetooth,Bình Dương,45-54,Ví điện tử,2,154000.0,308000.0,3.2,Có
2024-07-03 07:53:15.991983,Điện tử,Cáp USB,Hà Nội,35-44,Ví điện tử,5,1155000.0,5775000.0,4.1,Không
2024-07-03 07:53:15.991983,Điện tử,Tai nghe,TP.HCM,35-44,Ví điện tử,4,199000.0,796000.0,2.9,Không
2024-07-04 01:26:34.388777,Mỹ phẩm,Toner,TP.HCM,25-34,Ví điện tử,2,408000.0,816000.0,4.8,Không
2024-07-04 18:59:52.785571,Thể thao,Thảm yoga,TP.HCM,,Thẻ ngân hàng,3,194000.0,582000.0,3.9,Không
2024-07-04 18:59:52.785571,Điện tử,Tai nghe,Hà Nội,25-34,Chuyển khoản,1,993000.0,993000.0,3.0,Không
2024-07-05 12:33:11.182364,Mỹ phẩm,Mascara,Bình Dương,25-34,Ví điện tử,5,422000.0,2110000.0,2.9,Không
2024-07-05 12:33:11.182364,Thời trang,Áo thun,TP.HCM,25-34,COD,1,512000.0,512000.0,,Có
2024-07-06 06:06:29.579158,Mỹ phẩm,Mascara,TP.HCM,35-44,Thẻ ngân hàng,4,,,4.0,Không
2024-07-06 23:39:47.975951,Mỹ phẩm,Kem dưỡng da,Đà Nẵng,35-44,Thẻ ngân hàng,5,235000.0,1175000.0,5.0,Không
2024-07-09 04:19:43.166332,Thời trang,Kính mát,Hà Nội,25-34,Ví điện tử,4,563000.0,2252000.0,4.9,Không
2024-07-09 04:19:43.166332,Điện tử,Đồng hồ thông minh,TP.HCM,45-54,COD,5,1172000.0,5860000.0,2.8,Không
2024-07-09 04:19:43.166332,Sách,Sách thiếu nhi,TP.HCM,55+,COD,5,119000.0,595000.0,4.6,Không
2024-07-09 21:53:01.563126,Thể thao,Bóng đá,TP.HCM,55+,COD,5,67000.0,335000.0,4.4,Không
2024-07-12 02:32:56.753507,Sách,Manga,TP.HCM,55+,Thẻ ngân hàng,2,136000.0,272000.0,3.1,Không
2024-07-12 20:06:15.150300,Thời trang,Kính mát,TP.HCM,35-44,Thẻ ngân hàng,1,329000.0,329000.0,3.8,Không
2024-07-14 07:12:51.943887,Thể thao,Bình nước,Bình Dương,35-44,Ví điện tử,3,74000.0,222000.0,5.0,Không
2024-07-14 07:12:51.943887,Sách,Sách kỹ năng,TP.HCM,18-24,Ví điện tử,1,165000.0,165000.0,4.1,Không
2024-07-15 00:46:10.340681,Điện tử,Tai nghe,Đà Nẵng,,Chuyển khoản,5,502000.0,2510000.0,4.3,Không
2024-07-16 11:52:47.134268,Mỹ phẩm,Kem dưỡng da,TP.HCM,35-44,Ví điện tử,2,319000.0,638000.0,2.4,Không
2024-07-17 05:26:05.531062,Sách,Tiểu thuyết,TP.HCM,25-34,COD,3,59000.0,177000.0,4.2,Không
2024-07-17 22:59:23.927855,Thời trang,Quần jean,Đồng Nai,25-34,COD,3,626000.0,1878000.0,3.2,Không
2024-07-19 10:06:00.721442,Sách,Manga,Cần Thơ,,COD,1,145000.0,145000.0,4.2,Không
2024-07-20 21:12:37.515030,Mỹ phẩm,Toner,Đà Nẵng,,Ví điện tử,1,150000.0,150000.0,4.9,Không
2024-07-21 14:45:55.911823,Điện tử,Loa bluetooth,Đà Nẵng,45-54,Ví điện tử,2,711000.0,1422000.0,5.0,Có
2024-07-22 08:19:14.308617,Thời trang,Áo thun,Bình Dương,18-24,Ví điện tử,1,332000.0,332000.0,3.2,Không
2024-07-25 06:32:27.895791,Thời trang,Giày sneaker,Bình Dương,,Ví điện tử,3,443000.0,1329000.0,3.9,Không
2024-07-25 06:32:27.895791,Thời trang,Áo thun,TP.HCM,18-24,Ví điện tử,1,648000.0,648000.0,4.4,Không
2024-07-26 00:05:46.292585,Mỹ phẩm,Serum,Hà Nội,25-34,COD,3,418000.0,1254000.0,3.6,Không
2024-07-26 00:05:46.292585,Sách,Sách học ngoại ngữ,TP.HCM,,Ví điện tử,1,,,4.8,Không
2024-07-26 00:05:46.292585,Điện tử,Loa bluetooth,Hà Nội,18-24,Thẻ ngân hàng,5,941000.0,4705000.0,4.2,Không
2024-07-26 00:05:46.292585,Thể thao,Găng tay tập,Bình Dương,25-34,Ví điện tử,3,274000.0,822000.0,5.0,Không
2024-07-26 17:39:04.689378,Thời trang,Áo thun,Đà Nẵng,35-44,COD,1,547000.0,547000.0,3.8,Không
2024-07-27 11:12:23.086172,Mỹ phẩm,Serum,Bình Dương,25-34,COD,1,159000.0,159000.0,4.4,Không
2024-07-28 04:45:41.482965,Điện tử,Cáp USB,Đà Nẵng,45-54,Ví điện tử,1,332000.0,332000.0,5.0,Không
2024-07-31 02:58:55.070140,Điện tử,Cáp USB,Đà Nẵng,25-34,COD,1,855000.0,855000.0,5.0,Không
2024-07-31 20:32:13.466933,Điện tử,Cáp USB,TP.HCM,25-34,Thẻ ngân hàng,1,582000.0,582000.0,3.0,Không
2024-07-31 20:32:13.466933,Điện tử,Loa bluetooth,Hà Nội,55+,COD,2,697000.0,1394000.0,4.7,Không
2024-07-31 20:32:13.466933,Điện tử,Sạc dự phòng,Hà Nội,25-34,Thẻ ngân hàng,5,191000.0,955000.0,2.8,Không
2024-08-01 14:05:31.863727,Thời trang,Túi xách,Hà Nội,18-24,Ví điện tử,2,86000.0,172000.0,4.7,Có
2024-08-02 07:38:50.260521,Thời trang,Quần jean,Hà Nội,25-34,COD,1,85000.0,85000.0,3.5,Không
2024-08-02 07:38:50.260521,Điện tử,Đồng hồ thông minh,Cần Thơ,35-44,Ví điện tử,1,1092000.0,1092000.0,3.7,Không
2024-08-03 18:45:27.054108,Thể thao,Găng tay tập,Cần Thơ,25-34,COD,1,214000.0,214000.0,3.3,Không
2024-08-04 12:18:45.450901,Mỹ phẩm,Son môi,Hà Nội,18-24,Thẻ ngân hàng,4,308000.0,1232000.0,3.5,Không
2024-08-05 05:52:03.847695,Điện tử,Loa bluetooth,Hà Nội,18-24,Chuyển khoản,1,901000.0,901000.0,4.8,Không
2024-08-05 05:52:03.847695,Điện tử,Sạc dự phòng,Đà Nẵng,18-24,COD,5,1118000.0,5590000.0,4.3,Không
2024-08-05 05:52:03.847695,Thể thao,Bóng đá,TP.HCM,45-54,Chuyển khoản,1,266000.0,266000.0,4.2,Không
2024-08-05 23:25:22.244488,Điện tử,Tai nghe,TP.HCM,18-24,Ví điện tử,5,750000.0,3750000.0,4.4,Không
2024-08-06 16:58:40.641282,Thể thao,Thảm yoga,TP.HCM,,COD,4,278000.0,1112000.0,2.6,Không
2024-08-09 15:11:54.228456,Thời trang,Túi xách,Cần Thơ,18-24,COD,1,465000.0,465000.0,5.0,Không
2024-08-09 15:11:54.228456,Sách,Sách kỹ năng,Đồng Nai,25-34,COD,1,133000.0,133000.0,4.2,Không
2024-08-10 08:45:12.625250,Thời trang,Kính mát,TP.HCM,25-34,COD,3,352000.0,1056000.0,4.7,Không
2024-08-13 06:58:26.212424,Thể thao,Găng tay tập,Hà Nội,,Ví điện tử,2,83000.0,166000.0,,Không
2024-08-14 18:05:03.006012,Mỹ phẩm,Kem dưỡng da,TP.HCM,25-34,Ví điện tử,1,353000.0,353000.0,3.0,Không
2024-08-14 18:05:03.006012,Mỹ phẩm,Mascara,Hà Nội,35-44,Chuyển khoản,3,206000.0,618000.0,3.7,Không
2024-08-15 11:38:21.402805,Mỹ phẩm,Son môi,Hà Nội,45-54,COD,2,250000.0,500000.0,5.0,Không
2024-08-15 11:38:21.402805,Điện tử,Cáp USB,Hà Nội,18-24,Ví điện tử,2,916000.0,1832000.0,4.1,Không
2024-08-15 11:38:21.402805,Sách,Sách thiếu nhi,Hà Nội,35-44,Ví điện tử,2,138000.0,276000.0,3.8,Không
2024-08-15 11:38:21.402805,Thời trang,Túi xách,TP.HCM,18-24,COD,5,406000.0,2030000.0,3.9,Không
2024-08-16 22:44:58.196392,Mỹ phẩm,Toner,TP.HCM,45-54,Chuyển khoản,4,220000.0,880000.0,3.7,Không
2024-08-17 16:18:16.593186,Điện tử,Cáp USB,Bình Dương,25-34,Chuyển khoản,2,1117000.0,2234000.0,2.6,Không
2024-08-17 16:18:16.593186,Sách,Tiểu thuyết,TP.HCM,25-34,Ví điện tử,2,121000.0,242000.0,5.0,Không
2024-08-18 09:51:34.989979,Thời trang,Kính mát,Bình Dương,35-44,Ví điện tử,2,500000.0,1000000.0,4.8,Không
2024-08-18 09:51:34.989979,Thời trang,Kính mát,Đồng Nai,18-24,COD,2,574000.0,1148000.0,2.9,Không
2024-08-20 14:31:30.180360,Điện tử,Cáp USB,TP.HCM,25-34,COD,2,388000.0,776000.0,4.3,Không
2024-08-22 01:38:06.973947,Thời trang,Quần jean,TP.HCM,25-34,COD,1,378000.0,378000.0,2.0,Có
2024-08-22 01:38:06.973947,Thời trang,Túi xách,Cần Thơ,35-44,Ví điện tử,5,518000.0,2590000.0,3.8,Không
2024-08-22 19:11:25.370741,Sách,Sách kỹ năng,Đà Nẵng,18-24,Ví điện tử,5,99000.0,495000.0,4.6,Không
2024-08-24 06:18:02.164328,Thể thao,Bóng đá,Hà Nội,25-34,Thẻ ngân hàng,3,373000.0,1119000.0,4.4,Không
2024-08-24 23:51:20.561122,Điện tử,Tai nghe,TP.HCM,18-24,COD,4,892000.0,3568000.0,3.4,Không
2024-08-25 17:24:38.957915,Mỹ phẩm,Kem dưỡng da,TP.HCM,35-44,COD,1,281000.0,281000.0,,Không
2024-08-25 17:24:38.957915,Sách,Sách kỹ năng,TP.HCM,35-44,Thẻ ngân hàng,1,87000.0,87000.0,2.8,Không
2024-08-26 10:57:57.354709,Sách,Sách thiếu nhi,Hà Nội,25-34,Ví điện tử,3,84000.0,252000.0,4.7,Không
2024-08-26 10:57:57.354709,Điện tử,Sạc dự phòng,Hà Nội,35-44,Thẻ ngân hàng,2,832000.0,1664000.0,4.4,Không
2024-08-27 04:31:15.751503,Điện tử,Loa bluetooth,Bình Dương,25-34,COD,1,805000.0,805000.0,4.0,Không
2024-08-27 04:31:15.751503,Thời trang,Áo thun,Hà Nội,35-44,Ví điện tử,2,470000.0,940000.0,3.8,Không
2024-08-27 22:04:34.148296,Thời trang,Túi xách,Đà Nẵng,25-34,Ví điện tử,1,91000.0,91000.0,3.8,Có
2024-08-29 09:11:10.941883,Điện tử,Tai nghe,Đồng Nai,18-24,COD,1,429000.0,429000.0,3.5,Không
2024-08-29 09:11:10.941883,Mỹ phẩm,Serum,Hà Nội,25-34,Thẻ ngân hàng,2,418000.0,836000.0,4.1,Không
2024-08-29 09:11:10.941883,Thời trang,Kính mát,TP.HCM,45-54,Chuyển khoản,1,603000.0,603000.0,3.8,Không
2024-08-30 02:44:29.338677,Điện tử,Cáp USB,Hà Nội,25-34,COD,3,796000.0,2388000.0,3.4,Không
2024-08-30 20:17:47.735470,Thời trang,Kính mát,Hà Nội,25-34,Chuyển khoản,1,492000.0,492000.0,4.4,Không
2024-08-31 13:51:06.132264,Mỹ phẩm,Son môi,TP.HCM,18-24,COD,1,96000.0,96000.0,3.6,Không
2024-09-01 07:24:24.529058,Điện tử,Cáp USB,Bình Dương,35-44,Thẻ ngân hàng,1,930000.0,930000.0,3.9,Không
2024-09-02 18:31:01.322645,Mỹ phẩm,Toner,Hà Nội,25-34,Thẻ ngân hàng,1,276000.0,276000.0,4.2,Không
2024-09-04 23:10:56.513026,Điện tử,Tai nghe,TP.HCM,25-34,Chuyển khoản,5,805000.0,4025000.0,,Có
2024-09-06 10:17:33.306613,Mỹ phẩm,Toner,TP.HCM,35-44,Thẻ ngân hàng,3,325000.0,975000.0,3.3,Không
2024-09-06 10:17:33.306613,Thể thao,Thảm yoga,Hà Nội,45-54,COD,2,332000.0,664000.0,3.0,Không
2024-09-07 21:24:10.100200,Điện tử,Đồng hồ thông minh,Hà Nội,18-24,Thẻ ngân hàng,2,343000.0,686000.0,4.2,Không
2024-09-09 08:30:46.893787,Sách,Sách thiếu nhi,TP.HCM,35-44,Ví điện tử,2,90000.0,180000.0,3.5,Không
2024-09-09 08:30:46.893787,Điện tử,Loa bluetooth,Đà Nẵng,18-24,Ví điện tử,2,593000.0,1186000.0,4.1,Không
2024-09-10 02:04:05.290581,Mỹ phẩm,Kem dưỡng da,Hà Nội,35-44,Ví điện tử,2,181000.0,362000.0,4.2,Không
2024-09-10 19:37:23.687374,Thời trang,Kính mát,Hà Nội,18-24,Ví điện tử,3,,,4.5,Không
2024-09-10 19:37:23.687374,Mỹ phẩm,Kem dưỡng da,Hà Nội,18-24,COD,4,419000.0,1676000.0,4.2,Không
2024-09-10 19:37:23.687374,Điện tử,Loa bluetooth,Hà Nội,18-24,COD,4,1095000.0,4380000.0,4.5,Không
2024-09-12 06:44:00.480961,Thời trang,Giày sneaker,TP.HCM,25-34,COD,3,383000.0,1149000.0,3.2,Không
2024-09-13 00:17:18.877755,Thời trang,Giày sneaker,Cần Thơ,35-44,Ví điện tử,5,159000.0,795000.0,4.7,Không
2024-09-13 00:17:18.877755,Thời trang,Kính mát,TP.HCM,35-44,Ví điện tử,4,190000.0,760000.0,4.3,Không
2024-09-13 17:50:37.274549,Điện tử,Loa bluetooth,Hà Nội,35-44,COD,2,856000.0,1712000.0,3.8,Không
2024-09-14 11:23:55.671342,Thể thao,Bóng đá,Hà Nội,25-34,Ví điện tử,38,112000.0,4256000.0,3.5,Không
2024-09-15 04:57:14.068136,Thể thao,Găng tay tập,Hà Nội,25-34,COD,1,94000.0,94000.0,4.2,Không
2024-09-15 22:30:32.464929,Mỹ phẩm,Mascara,TP.HCM,18-24,Chuyển khoản,1,297000.0,297000.0,5.0,Không
2024-09-15 22:30:32.464929,Thể thao,Găng tay tập,TP.HCM,35-44,COD,1,364000.0,364000.0,4.2,Không
2024-09-16 16:03:50.861723,Sách,Sách thiếu nhi,Hà Nội,45-54,Ví điện tử,2,,,4.8,Không
2024-09-16 16:03:50.861723,Mỹ phẩm,Son môi,TP.HCM,18-24,COD,4,65000.0,260000.0,,Có
2024-09-17 09:37:09.258517,Thời trang,Giày sneaker,TP.HCM,35-44,Chuyển khoản,2,415000.0,830000.0,4.7,Không
2024-09-18 03:10:27.655310,Điện tử,Sạc dự phòng,Hà Nội,25-34,COD,1,859000.0,859000.0,3.5,Không
2024-09-18 20:43:46.052104,Thời trang,Áo thun,Đồng Nai,18-24,Ví điện tử,1,145000.0,145000.0,4.9,Không
2024-09-19 14:17:04.448897,Mỹ phẩm,Toner,Hà Nội,25-34,Ví điện tử,4,348000.0,1392000.0,4.5,Không
2024-09-21 01:23:41.242484,Điện tử,Đồng hồ thông minh,TP.HCM,45-54,Chuyển khoản,3,338000.0,1014000.0,4.3,Không
2024-09-21 01:23:41.242484,Thời trang,Quần jean,TP.HCM,25-34,Ví điện tử,1,574000.0,574000.0,3.9,Không
2024-09-21 01:23:41.242484,Thời trang,Quần jean,Hà Nội,45-54,Thẻ ngân hàng,2,646000.0,1292000.0,4.8,Không
2024-09-22 12:30:18.036072,Thời trang,Túi xách,Cần Thơ,25-34,Ví điện tử,1,101000.0,101000.0,3.7,Không
2024-09-22 12:30:18.036072,Thời trang,Quần jean,TP.HCM,25-34,Ví điện tử,1,373000.0,373000.0,4.2,Không
2024-09-23 06:03:36.432865,Mỹ phẩm,Kem dưỡng da,Đà Nẵng,25-34,Chuyển khoản,4,256000.0,1024000.0,3.8,Không
2024-09-23 23:36:54.829659,Điện tử,Đồng hồ thông minh,Đà Nẵng,35-44,Ví điện tử,1,669000.0,669000.0,3.7,Không
2024-09-26 21:50:08.416833,Thời trang,Túi xách,Đà Nẵng,45-54,COD,2,172000.0,344000.0,4.2,Không
2024-09-27 15:23:26.813627,Mỹ phẩm,Mascara,TP.HCM,35-44,Ví điện tử,26,221000.0,5746000.0,3.9,Không
2024-09-27 15:23:26.813627,Điện tử,Loa bluetooth,TP.HCM,25-34,COD,1,1145000.0,1145000.0,3.6,Không
2024-09-29 02:30:03.607214,Sách,Sách kỹ năng,Bình Dương,35-44,COD,3,162000.0,486000.0,4.7,Không
2024-10-02 00:43:17.194388,Sách,Sách kỹ năng,Đà Nẵng,25-34,Ví điện tử,2,84000.0,168000.0,4.8,Không
2024-10-02 00:43:17.194388,Mỹ phẩm,Toner,TP.HCM,55+,COD,1,140000.0,140000.0,4.1,Không
2024-10-04 05:23:12.384769,Thời trang,Kính mát,Hà Nội,45-54,Chuyển khoản,2,649000.0,1298000.0,4.1,Không
2024-10-04 05:23:12.384769,Thời trang,Áo thun,Đồng Nai,35-44,Ví điện tử,4,382000.0,1528000.0,4.2,Không
2024-10-04 22:56:30.781563,Điện tử,Đồng hồ thông minh,TP.HCM,35-44,COD,20,1032000.0,20640000.0,4.4,Không
2024-10-04 22:56:30.781563,Mỹ phẩm,Serum,TP.HCM,18-24,Thẻ ngân hàng,2,319000.0,638000.0,4.6,Có
2024-10-05 16:29:49.178356,Điện tử,Loa bluetooth,Hà Nội,35-44,COD,5,1101000.0,5505000.0,3.3,Không
2024-10-08 14:43:02.765531,Thể thao,Bóng đá,Hà Nội,45-54,COD,4,209000.0,836000.0,4.7,Không
2024-10-08 14:43:02.765531,Điện tử,Tai nghe,Cần Thơ,25-34,COD,4,747000.0,2988000.0,4.1,Không
2024-10-08 14:43:02.765531,Điện tử,Đồng hồ thông minh,TP.HCM,25-34,Ví điện tử,5,1082000.0,5410000.0,3.5,Không
2024-10-10 01:49:39.559118,Sách,Sách thiếu nhi,Hà Nội,35-44,Ví điện tử,1,61000.0,61000.0,3.6,Không
2024-10-10 19:22:57.955911,Thể thao,Dây nhảy,Hà Nội,35-44,COD,1,,,4.6,Không
2024-10-10 19:22:57.955911,Điện tử,Loa bluetooth,Hà Nội,55+,Ví điện tử,2,988000.0,1976000.0,4.2,Không
2024-10-11 12:56:16.352705,Sách,Sách thiếu nhi,TP.HCM,35-44,Ví điện tử,1,63000.0,63000.0,4.8,Không
2024-10-12 06:29:34.749498,Mỹ phẩm,Son môi,TP.HCM,25-34,Thẻ ngân hàng,2,321000.0,642000.0,3.5,Không
2024-10-12 06:29:34.749498,Điện tử,Sạc dự phòng,Hà Nội,18-24,Thẻ ngân hàng,3,792000.0,2376000.0,3.4,Không
2024-10-13 00:02:53.146292,Mỹ phẩm,Mascara,TP.HCM,18-24,Thẻ ngân hàng,1,434000.0,434000.0,3.6,Không
2024-10-14 11:09:29.939879,Sách,Manga,TP.HCM,18-24,COD,2,,,,Không
2024-10-15 04:42:48.336673,Điện tử,Đồng hồ thông minh,TP.HCM,25-34,Ví điện tử,4,986000.0,3944000.0,3.4,Không
2024-10-15 22:16:06.733466,Thời trang,Quần jean,Hà Nội,25-34,Chuyển khoản,4,607000.0,2428000.0,4.2,Không
2024-10-15 22:16:06.733466,Điện tử,Sạc dự phòng,Hà Nội,18-24,Ví điện tử,2,701000.0,1402000.0,3.2,Không
2024-10-18 20:29:20.320641,Mỹ phẩm,Kem dưỡng da,TP.HCM,45-54,COD,4,162000.0,648000.0,4.9,Không
2024-10-19 14:02:38.717434,Điện tử,Tai nghe,TP.HCM,18-24,COD,5,962000.0,4810000.0,3.8,Không
2024-10-21 01:09:15.511022,Điện tử,Loa bluetooth,TP.HCM,45-54,COD,1,419000.0,419000.0,4.1,Không
2024-10-22 12:15:52.304609,Mỹ phẩm,Serum,TP.HCM,25-34,Ví điện tử,1,337000.0,337000.0,4.6,Không
2024-10-22 12:15:52.304609,Thời trang,Quần jean,Đà Nẵng,25-34,COD,1,243000.0,243000.0,3.9,Không
2024-10-23 23:22:29.098196,Thời trang,Kính mát,Bình Dương,55+,Ví điện tử,1,459000.0,459000.0,3.9,Không
2024-10-24 16:55:47.494989,Mỹ phẩm,Son môi,Hà Nội,35-44,Ví điện tử,2,70000.0,140000.0,4.5,Không
2024-10-24 16:55:47.494989,Thời trang,Kính mát,Hà Nội,18-24,COD,3,335000.0,1005000.0,4.1,Không
2024-10-25 10:29:05.891783,Mỹ phẩm,Son môi,Hà Nội,35-44,Ví điện tử,2,266000.0,532000.0,4.8,Không
2024-10-26 04:02:24.288577,Sách,Sách thiếu nhi,Đà Nẵng,35-44,Ví điện tử,1,109000.0,109000.0,5.0,Không
2024-10-26 21:35:42.685370,Thời trang,Quần jean,Hà Nội,25-34,Ví điện tử,2,523000.0,1046000.0,4.1,Không
2024-10-26 21:35:42.685370,Thời trang,Quần jean,Hà Nội,25-34,COD,2,270000.0,540000.0,3.1,Không
2024-10-28 08:42:19.478957,Điện tử,Sạc dự phòng,TP.HCM,25-34,Chuyển khoản,4,239000.0,956000.0,3.5,Không
2024-10-28 08:42:19.478957,Điện tử,Loa bluetooth,Hà Nội,55+,COD,2,186000.0,372000.0,,Không
2024-10-29 02:15:37.875751,Sách,Sách học ngoại ngữ,Đà Nẵng,25-34,COD,1,161000.0,161000.0,3.8,Không
2024-10-29 19:48:56.272545,Mỹ phẩm,Serum,Cần Thơ,18-24,Ví điện tử,2,440000.0,880000.0,4.1,Không
2024-10-29 19:48:56.272545,Thời trang,Túi xách,TP.HCM,25-34,Ví điện tử,1,302000.0,302000.0,4.9,Không
2024-10-31 06:55:33.066132,Điện tử,Cáp USB,TP.HCM,35-44,Ví điện tử,1,737000.0,737000.0,3.0,Không
2024-11-01 00:28:51.462925,Mỹ phẩm,Toner,TP.HCM,55+,Ví điện tử,3,420000.0,1260000.0,4.9,Không
2024-11-01 00:28:51.462925,Thời trang,Áo thun,Đồng Nai,35-44,COD,3,120000.0,360000.0,3.3,Không
2024-11-01 00:28:51.462925,Thời trang,Giày sneaker,Hà Nội,35-44,COD,1,296000.0,296000.0,3.7,Không
2024-11-02 11:35:28.256513,Thể thao,Bóng đá,TP.HCM,25-34,Thẻ ngân hàng,1,146000.0,146000.0,4.5,Không
2024-11-02 11:35:28.256513,Thời trang,Kính mát,Hà Nội,35-44,COD,1,561000.0,561000.0,3.8,Không
2024-11-03 22:42:05.050100,Thể thao,Dây nhảy,Cần Thơ,25-34,Ví điện tử,3,135000.0,405000.0,4.5,Có
2024-11-04 16:15:23.446893,Điện tử,Sạc dự phòng,Hà Nội,25-34,COD,1,229000.0,229000.0,3.6,Không
2024-11-04 16:15:23.446893,Điện tử,Cáp USB,Cần Thơ,25-34,Ví điện tử,1,731000.0,731000.0,2.5,Không
2024-11-05 09:48:41.843687,Mỹ phẩm,Kem dưỡng da,Bình Dương,18-24,Ví điện tử,5,236000.0,1180000.0,3.2,Không
2024-11-06 03:22:00.240480,Thể thao,Dây nhảy,Hà Nội,35-44,Ví điện tử,1,141000.0,141000.0,4.7,Không
2024-11-06 03:22:00.240480,Mỹ phẩm,Kem dưỡng da,TP.HCM,35-44,Thẻ ngân hàng,2,79000.0,158000.0,4.0,Không
2024-11-06 03:22:00.240480,Điện tử,Cáp USB,Hà Nội,25-34,Chuyển khoản,1,479000.0,479000.0,3.7,Không
2024-11-07 14:28:37.034068,Thời trang,Quần jean,TP.HCM,45-54,Thẻ ngân hàng,1,154000.0,154000.0,3.6,Không
2024-11-09 01:35:13.827655,Mỹ phẩm,Kem dưỡng da,TP.HCM,18-24,Thẻ ngân hàng,1,142000.0,142000.0,5.0,Không
2024-11-09 01:35:13.827655,Mỹ phẩm,Toner,TP.HCM,,Ví điện tử,1,272000.0,272000.0,4.4,Không
2024-11-09 19:08:32.224448,Điện tử,Cáp USB,Đà Nẵng,35-44,Ví điện tử,3,309000.0,927000.0,,Không
2024-11-09 19:08:32.224448,Thời trang,Quần jean,Đà Nẵng,35-44,Ví điện tử,2,269000.0,538000.0,3.1,Không
2024-11-09 19:08:32.224448,Thể thao,Dây nhảy,Hà Nội,,COD,22,276000.0,6072000.0,5.0,Không
2024-11-10 12:41:50.621242,Mỹ phẩm,Mascara,Hà Nội,25-34,Ví điện tử,2,312000.0,624000.0,4.7,Không
2024-11-11 06:15:09.018036,Điện tử,Loa bluetooth,TP.HCM,35-44,COD,2,,,3.7,Không
2024-11-11 23:48:27.414829,Mỹ phẩm,Son môi,Hà Nội,18-24,COD,1,392000.0,392000.0,4.7,Không
2024-11-11 23:48:27.414829,Mỹ phẩm,Mascara,TP.HCM,18-24,Thẻ ngân hàng,1,301000.0,301000.0,4.0,Không
2024-11-14 22:01:41.002004,Mỹ phẩm,Mascara,Cần Thơ,18-24,Ví điện tử,5,248000.0,1240000.0,4.0,Không
2024-11-15 15:34:59.398797,Điện tử,Sạc dự phòng,Đà Nẵng,35-44,Thẻ ngân hàng,5,179000.0,895000.0,3.9,Không
2024-11-15 15:34:59.398797,Sách,Tiểu thuyết,Đà Nẵng,25-34,COD,1,136000.0,136000.0,4.5,Không
2024-11-17 20:14:54.589178,Điện tử,Sạc dự phòng,Hà Nội,18-24,Ví điện tử,1,855000.0,855000.0,5.0,Không
2024-11-19 07:21:31.382765,Sách,Manga,Hà Nội,25-34,Chuyển khoản,4,134000.0,536000.0,3.9,Không
2024-11-20 00:54:49.779559,Thời trang,Giày sneaker,Cần Thơ,25-34,Ví điện tử,2,364000.0,728000.0,3.7,Không
2024-11-20 00:54:49.779559,Điện tử,Đồng hồ thông minh,Đà Nẵng,25-34,Ví điện tử,5,207000.0,1035000.0,3.1,Có
2024-11-20 00:54:49.779559,Điện tử,Sạc dự phòng,Hà Nội,55+,COD,2,373000.0,746000.0,3.5,Có
2024-11-20 18:28:08.176352,Mỹ phẩm,Serum,Hà Nội,18-24,Ví điện tử,1,251000.0,251000.0,2.9,Không
2024-11-21 12:01:26.573146,Điện tử,Đồng hồ thông minh,Hà Nội,18-24,Ví điện tử,3,909000.0,2727000.0,4.6,Không
2024-11-22 05:34:44.969939,Sách,Sách thiếu nhi,TP.HCM,35-44,COD,4,116000.0,464000.0,5.0,Không
2024-11-22 05:34:44.969939,Sách,Tiểu thuyết,Bình Dương,55+,COD,1,97000.0,97000.0,4.0,Không
2024-11-22 05:34:44.969939,Điện tử,Cáp USB,Đồng Nai,25-34,Chuyển khoản,3,1122000.0,3366000.0,2.8,Không
2024-11-22 23:08:03.366733,Điện tử,Sạc dự phòng,Hà Nội,35-44,Ví điện tử,2,842000.0,1684000.0,3.4,Không
2024-11-23 16:41:21.763527,Điện tử,Cáp USB,TP.HCM,35-44,COD,1,754000.0,754000.0,2.5,Không
2024-11-24 10:14:40.160320,Điện tử,Tai nghe,TP.HCM,25-34,COD,5,664000.0,3320000.0,4.2,Không
2024-11-24 10:14:40.160320,Điện tử,Tai nghe,Cần Thơ,35-44,Thẻ ngân hàng,3,222000.0,666000.0,5.0,Không
2024-11-25 03:47:58.557114,Sách,Sách thiếu nhi,TP.HCM,45-54,Ví điện tử,4,105000.0,420000.0,5.0,Không
2024-11-25 21:21:16.953907,Mỹ phẩm,Serum,TP.HCM,18-24,COD,3,190000.0,570000.0,3.5,Không
2024-11-26 14:54:35.350701,Sách,Manga,Cần Thơ,,Ví điện tử,1,134000.0,134000.0,4.7,Không
2024-11-26 14:54:35.350701,Điện tử,Đồng hồ thông minh,Đà Nẵng,25-34,Thẻ ngân hàng,3,866000.0,2598000.0,4.9,Không
2024-11-28 02:01:12.144288,Điện tử,Đồng hồ thông minh,Hà Nội,35-44,Ví điện tử,4,803000.0,3212000.0,3.7,Có
2024-11-28 02:01:12.144288,Thời trang,Kính mát,Hà Nội,18-24,Ví điện tử,2,443000.0,886000.0,4.9,Không
2024-11-29 13:07:48.937875,Mỹ phẩm,Mascara,Hà Nội,35-44,Ví điện tử,1,190000.0,190000.0,4.5,Không
2024-11-30 06:41:07.334669,Điện tử,Sạc dự phòng,Hà Nội,18-24,Ví điện tử,5,997000.0,4985000.0,3.2,Không
2024-12-01 00:14:25.731462,Mỹ phẩm,Mascara,TP.HCM,25-34,Ví điện tử,4,273000.0,1092000.0,4.4,Không
2024-12-02 11:21:02.525050,Thời trang,Quần jean,Đồng Nai,18-24,Ví điện tử,1,243000.0,243000.0,5.0,Không
2024-12-02 11:21:02.525050,Thể thao,Thảm yoga,Đà Nẵng,25-34,COD,2,288000.0,576000.0,4.5,Không
2024-12-02 11:21:02.525050,Thời trang,Túi xách,TP.HCM,18-24,Thẻ ngân hàng,3,350000.0,1050000.0,4.5,Không
2024-12-02 11:21:02.525050,Mỹ phẩm,Kem dưỡng da,Hà Nội,18-24,Ví điện tử,2,263000.0,526000.0,4.7,Không
2024-12-03 22:27:39.318637,Điện tử,Đồng hồ thông minh,TP.HCM,25-34,Ví điện tử,2,495000.0,990000.0,3.2,Không
2024-12-09 18:54:06.492985,Điện tử,Đồng hồ thông minh,Đồng Nai,35-44,Thẻ ngân hàng,5,212000.0,1060000.0,3.7,Không
2024-12-11 06:00:43.286573,Thời trang,Giày sneaker,Hà Nội,35-44,Chuyển khoản,5,286000.0,1430000.0,2.7,Không
2024-12-13 10:40:38.476953,Mỹ phẩm,Toner,Hà Nội,25-34,Thẻ ngân hàng,4,310000.0,1240000.0,4.6,Không
2024-12-13 10:40:38.476953,Điện tử,Loa bluetooth,TP.HCM,25-34,COD,1,462000.0,462000.0,2.5,Không
2024-12-13 10:40:38.476953,Điện tử,Cáp USB,Hà Nội,18-24,Ví điện tử,2,570000.0,1140000.0,4.0,Có
2024-12-13 10:40:38.476953,Điện tử,Đồng hồ thông minh,Bình Dương,25-34,Ví điện tử,5,194000.0,970000.0,4.0,Không
2024-12-14 21:47:15.270541,Điện tử,Cáp USB,TP.HCM,45-54,Ví điện tử,1,1136000.0,1136000.0,3.9,Không
2024-12-14 21:47:15.270541,Thời trang,Giày sneaker,Hà Nội,25-34,Ví điện tử,5,136000.0,680000.0,3.1,Không
2024-12-15 15:20:33.667334,Sách,Tiểu thuyết,Hà Nội,45-54,Ví điện tử,2,63000.0,126000.0,3.8,Không
2024-12-16 08:53:52.064128,Mỹ phẩm,Mascara,TP.HCM,18-24,Ví điện tử,5,91000.0,455000.0,5.0,Không
2024-12-19 07:07:05.651302,Mỹ phẩm,Mascara,TP.HCM,25-34,COD,5,407000.0,2035000.0,3.6,Không
2024-12-20 00:40:24.048096,Điện tử,Sạc dự phòng,Cần Thơ,25-34,Ví điện tử,2,332000.0,664000.0,2.5,Không
2024-12-20 18:13:42.444889,Điện tử,Tai nghe,TP.HCM,18-24,COD,3,719000.0,2157000.0,4.4,Không
2024-12-21 11:47:00.841683,Mỹ phẩm,Serum,TP.HCM,35-44,Ví điện tử,1,222000.0,222000.0,4.2,Không
2024-12-21 11:47:00.841683,Thời trang,Áo thun,Hà Nội,25-34,COD,1,514000.0,514000.0,4.0,Không
2024-12-21 11:47:00.841683,Thời trang,Quần jean,TP.HCM,25-34,COD,2,645000.0,1290000.0,4.2,Không
2024-12-22 05:20:19.238476,Thời trang,Quần jean,Hà Nội,45-54,Thẻ ngân hàng,5,607000.0,3035000.0,3.8,Không
2024-12-22 05:20:19.238476,Điện tử,Cáp USB,Hà Nội,18-24,Ví điện tử,4,890000.0,3560000.0,2.4,Không
2024-12-22 22:53:37.635270,Sách,Sách học ngoại ngữ,Hà Nội,18-24,Thẻ ngân hàng,2,119000.0,238000.0,4.5,Không
2024-12-22 22:53:37.635270,Thể thao,Thảm yoga,Hà Nội,55+,COD,3,53000.0,159000.0,3.5,Không
2024-12-22 22:53:37.635270,Sách,Sách kỹ năng,TP.HCM,25-34,COD,1,133000.0,133000.0,4.6,Không
2024-12-23 16:26:56.032064,Sách,Tiểu thuyết,Cần Thơ,55+,Ví điện tử,4,110000.0,440000.0,4.1,Không
2024-12-24 10:00:14.428857,Điện tử,Đồng hồ thông minh,TP.HCM,35-44,COD,3,1105000.0,3315000.0,2.8,Không
2024-12-24 10:00:14.428857,Mỹ phẩm,Toner,Hà Nội,25-34,Ví điện tử,1,116000.0,116000.0,,Không
2024-12-25 21:06:51.222444,Thể thao,Dây nhảy,Hà Nội,25-34,Thẻ ngân hàng,4,70000.0,280000.0,5.0,Không
2024-12-25 21:06:51.222444,Điện tử,Loa bluetooth,TP.HCM,35-44,Ví điện tử,3,,,4.8,Không
2024-12-28 19:20:04.809619,Sách,Sách học ngoại ngữ,TP.HCM,25-34,COD,4,125000.0,500000.0,4.3,Không
2024-12-28 19:20:04.809619,Điện tử,Sạc dự phòng,Cần Thơ,35-44,Ví điện tử,4,790000.0,3160000.0,3.4,Không
2024-12-29 12:53:23.206412,Điện tử,Loa bluetooth,Hà Nội,35-44,COD,2,582000.0,1164000.0,,Không
